{"loss": [1.7607048749923706, 0.9427460432052612, 0.752662181854248, 0.5243158936500549, 0.48634102940559387, 0.4935750961303711, 0.45740774273872375, 0.39346078038215637, 0.29314902424812317, 0.37069663405418396, 0.32922181487083435, 0.2980507016181946, 0.36765599250793457, 0.319484144449234, 0.4407673180103302, 0.36841484904289246, 0.3327102065086365, 0.27992358803749084, 0.3377678692340851], "accuracy": [0.3059360682964325, 0.7214611768722534, 0.7455357313156128, 0.8264840245246887, 0.7899543642997742, 0.7899543642997742, 0.8036529421806335, 0.8401826620101929, 0.8904109597206116, 0.84375, 0.853881299495697, 0.8904109597206116, 0.8721461296081543, 0.8812785148620605, 0.8401826620101929, 0.853881299495697, 0.8721461296081543, 0.8949771523475647, 0.853881299495697], "val_loss": [0.9924415946006775, 0.8991578817367554, 0.6612083911895752, 0.541346549987793, 0.533556342124939, 0.6378577947616577, 0.5232055187225342, 0.4449159502983093, 0.5520390868186951, 0.4292186498641968, 0.4946069121360779, 0.6500197649002075, 0.45458292961120605, 0.3482621908187866, 0.45919281244277954, 0.4641115069389343, 0.39565667510032654, 0.4022674560546875, 0.36420246958732605], "val_accuracy": [0.578125, 0.75, 0.796875, 0.75, 0.796875, 0.765625, 0.8125, 0.8125, 0.8125, 0.796875, 0.8125, 0.78125, 0.828125, 0.84375, 0.78125, 0.828125, 0.796875, 0.84375, 0.875]}