{"loss": [4.410280227661133, 1.050794005393982, 0.8863145112991333, 0.7399324178695679, 0.5989326238632202, 0.5283544659614563, 0.5100218653678894, 0.46487143635749817, 0.3817850649356842, 0.4929180443286896, 0.40869882702827454, 0.3742004334926605, 0.39963340759277344, 0.39014291763305664, 0.3660508096218109, 0.39097803831100464, 0.3322570025920868, 0.3616223633289337, 0.40813639760017395, 0.38017967343330383], "accuracy": [0.34246575832366943, 0.4383561611175537, 0.7397260069847107, 0.7077625393867493, 0.7853881120681763, 0.7716894745826721, 0.7990867495536804, 0.8401826620101929, 0.8630136847496033, 0.77625572681427, 0.8310502171516418, 0.8630136847496033, 0.853881299495697, 0.8493150472640991, 0.8348214030265808, 0.8310502171516418, 0.8630136847496033, 0.8630136847496033, 0.8630136847496033, 0.8348214030265808], "val_loss": [1.1850178241729736, 1.0295438766479492, 0.903597354888916, 0.7621403932571411, 0.5594890713691711, 0.5097226500511169, 0.6760836839675903, 0.45816871523857117, 0.48575010895729065, 0.5973159670829773, 0.5092197060585022, 0.48961132764816284, 0.6576904654502869, 0.43522053956985474, 0.562450110912323, 0.5341103076934814, 0.6420940160751343, 0.5195066928863525, 0.5328574776649475, 0.3806096315383911], "val_accuracy": [0.34375, 0.625, 0.78125, 0.703125, 0.828125, 0.8125, 0.78125, 0.78125, 0.78125, 0.796875, 0.8125, 0.78125, 0.703125, 0.828125, 0.71875, 0.796875, 0.796875, 0.765625, 0.78125, 0.875]}