{"loss": [2.76733660697937, 0.9998918771743774, 0.7852888703346252, 0.5909822583198547, 0.5201742649078369, 0.4899873733520508, 0.4728343188762665, 0.378379762172699, 0.4056324064731598, 0.31218576431274414], "accuracy": [0.47488585114479065, 0.5707762837409973, 0.7214611768722534, 0.7031963467597961, 0.7945205569267273, 0.7990867495536804, 0.7945205569267273, 0.8584474921226501, 0.8219178318977356, 0.8584474921226501], "val_loss": [1.3609964847564697, 0.8718764185905457, 0.6864396333694458, 0.7353643178939819, 0.8098669052124023, 0.6297924518585205, 0.4211805760860443, 0.5067942142486572, 0.4408092796802521, 0.4997512102127075], "val_accuracy": [0.609375, 0.671875, 0.703125, 0.640625, 0.59375, 0.765625, 0.84375, 0.8125, 0.84375, 0.75]}