{"loss": [2.7807538509368896, 1.1213959455490112, 1.034868597984314, 0.9062037467956543, 0.6532907485961914, 0.5797868371009827, 0.6325557231903076, 0.4445682764053345, 0.5227267146110535, 0.5150545835494995, 0.5073878765106201, 0.3834625780582428, 0.3636426627635956, 0.6118924617767334, 0.5070698857307434], "accuracy": [0.4109589159488678, 0.42009133100509644, 0.3561643958091736, 0.5022830963134766, 0.7077625393867493, 0.7853881120681763, 0.7442922592163086, 0.8264840245246887, 0.8080357313156128, 0.8082191944122314, 0.7808219194412231, 0.8401826620101929, 0.8584474921226501, 0.7260273694992065, 0.8082191944122314], "val_loss": [1.3860974311828613, 1.0763111114501953, 1.0190320014953613, 0.9100767970085144, 0.9115797281265259, 0.7180381417274475, 0.5162167549133301, 0.5725714564323425, 0.5052194595336914, 0.7292789220809937, 0.6160269975662231, 0.4172762632369995, 1.1652156114578247, 0.7317313551902771, 0.44903427362442017], "val_accuracy": [0.40625, 0.28125, 0.359375, 0.453125, 0.640625, 0.75, 0.8125, 0.75, 0.796875, 0.671875, 0.75, 0.78125, 0.640625, 0.71875, 0.8125]}